--
-- PostgreSQL database dump
--

-- Dumped from database version 17.0
-- Dumped by pg_dump version 17.0

SET statement_timeout = 0;
SET lock_timeout = 0;
SET idle_in_transaction_session_timeout = 0;
SET transaction_timeout = 0;
SET client_encoding = 'UTF8';
SET standard_conforming_strings = on;
SELECT pg_catalog.set_config('search_path', '', false);
SET check_function_bodies = false;
SET xmloption = content;
SET client_min_messages = warning;
SET row_security = off;

SET default_tablespace = '';

SET default_table_access_method = heap;

--
-- Name: auth_group; Type: TABLE; Schema: public; Owner: monutilisateur
--

CREATE TABLE public.auth_group (
    id integer NOT NULL,
    name character varying(150) NOT NULL
);


ALTER TABLE public.auth_group OWNER TO monutilisateur;

--
-- Name: auth_group_id_seq; Type: SEQUENCE; Schema: public; Owner: monutilisateur
--

ALTER TABLE public.auth_group ALTER COLUMN id ADD GENERATED BY DEFAULT AS IDENTITY (
    SEQUENCE NAME public.auth_group_id_seq
    START WITH 1
    INCREMENT BY 1
    NO MINVALUE
    NO MAXVALUE
    CACHE 1
);


--
-- Name: auth_group_permissions; Type: TABLE; Schema: public; Owner: monutilisateur
--

CREATE TABLE public.auth_group_permissions (
    id bigint NOT NULL,
    group_id integer NOT NULL,
    permission_id integer NOT NULL
);


ALTER TABLE public.auth_group_permissions OWNER TO monutilisateur;

--
-- Name: auth_group_permissions_id_seq; Type: SEQUENCE; Schema: public; Owner: monutilisateur
--

ALTER TABLE public.auth_group_permissions ALTER COLUMN id ADD GENERATED BY DEFAULT AS IDENTITY (
    SEQUENCE NAME public.auth_group_permissions_id_seq
    START WITH 1
    INCREMENT BY 1
    NO MINVALUE
    NO MAXVALUE
    CACHE 1
);


--
-- Name: auth_permission; Type: TABLE; Schema: public; Owner: monutilisateur
--

CREATE TABLE public.auth_permission (
    id integer NOT NULL,
    name character varying(255) NOT NULL,
    content_type_id integer NOT NULL,
    codename character varying(100) NOT NULL
);


ALTER TABLE public.auth_permission OWNER TO monutilisateur;

--
-- Name: auth_permission_id_seq; Type: SEQUENCE; Schema: public; Owner: monutilisateur
--

ALTER TABLE public.auth_permission ALTER COLUMN id ADD GENERATED BY DEFAULT AS IDENTITY (
    SEQUENCE NAME public.auth_permission_id_seq
    START WITH 1
    INCREMENT BY 1
    NO MINVALUE
    NO MAXVALUE
    CACHE 1
);


--
-- Name: auth_user; Type: TABLE; Schema: public; Owner: monutilisateur
--

CREATE TABLE public.auth_user (
    id integer NOT NULL,
    password character varying(128) NOT NULL,
    last_login timestamp with time zone,
    is_superuser boolean NOT NULL,
    username character varying(150) NOT NULL,
    first_name character varying(150) NOT NULL,
    last_name character varying(150) NOT NULL,
    email character varying(254) NOT NULL,
    is_staff boolean NOT NULL,
    is_active boolean NOT NULL,
    date_joined timestamp with time zone NOT NULL
);


ALTER TABLE public.auth_user OWNER TO monutilisateur;

--
-- Name: auth_user_groups; Type: TABLE; Schema: public; Owner: monutilisateur
--

CREATE TABLE public.auth_user_groups (
    id bigint NOT NULL,
    user_id integer NOT NULL,
    group_id integer NOT NULL
);


ALTER TABLE public.auth_user_groups OWNER TO monutilisateur;

--
-- Name: auth_user_groups_id_seq; Type: SEQUENCE; Schema: public; Owner: monutilisateur
--

ALTER TABLE public.auth_user_groups ALTER COLUMN id ADD GENERATED BY DEFAULT AS IDENTITY (
    SEQUENCE NAME public.auth_user_groups_id_seq
    START WITH 1
    INCREMENT BY 1
    NO MINVALUE
    NO MAXVALUE
    CACHE 1
);


--
-- Name: auth_user_id_seq; Type: SEQUENCE; Schema: public; Owner: monutilisateur
--

ALTER TABLE public.auth_user ALTER COLUMN id ADD GENERATED BY DEFAULT AS IDENTITY (
    SEQUENCE NAME public.auth_user_id_seq
    START WITH 1
    INCREMENT BY 1
    NO MINVALUE
    NO MAXVALUE
    CACHE 1
);


--
-- Name: auth_user_user_permissions; Type: TABLE; Schema: public; Owner: monutilisateur
--

CREATE TABLE public.auth_user_user_permissions (
    id bigint NOT NULL,
    user_id integer NOT NULL,
    permission_id integer NOT NULL
);


ALTER TABLE public.auth_user_user_permissions OWNER TO monutilisateur;

--
-- Name: auth_user_user_permissions_id_seq; Type: SEQUENCE; Schema: public; Owner: monutilisateur
--

ALTER TABLE public.auth_user_user_permissions ALTER COLUMN id ADD GENERATED BY DEFAULT AS IDENTITY (
    SEQUENCE NAME public.auth_user_user_permissions_id_seq
    START WITH 1
    INCREMENT BY 1
    NO MINVALUE
    NO MAXVALUE
    CACHE 1
);


--
-- Name: avis_avis; Type: TABLE; Schema: public; Owner: monutilisateur
--

CREATE TABLE public.avis_avis (
    id bigint NOT NULL,
    texte text NOT NULL,
    note integer NOT NULL,
    date_creation timestamp with time zone NOT NULL,
    bien_id bigint NOT NULL,
    utilisateur_id integer NOT NULL
);


ALTER TABLE public.avis_avis OWNER TO monutilisateur;

--
-- Name: avis_avis_id_seq; Type: SEQUENCE; Schema: public; Owner: monutilisateur
--

ALTER TABLE public.avis_avis ALTER COLUMN id ADD GENERATED BY DEFAULT AS IDENTITY (
    SEQUENCE NAME public.avis_avis_id_seq
    START WITH 1
    INCREMENT BY 1
    NO MINVALUE
    NO MAXVALUE
    CACHE 1
);


--
-- Name: biens_bien; Type: TABLE; Schema: public; Owner: monutilisateur
--

CREATE TABLE public.biens_bien (
    id bigint NOT NULL,
    titre character varying(255) NOT NULL,
    description text NOT NULL,
    prix numeric(10,2) NOT NULL,
    categorie character varying(50) NOT NULL,
    photo character varying(100) NOT NULL,
    date_creation timestamp with time zone NOT NULL,
    disponibilite boolean NOT NULL,
    date_debut_disponibilite date NOT NULL,
    date_fin_disponibilite date NOT NULL,
    utilisateur_id integer NOT NULL
);


ALTER TABLE public.biens_bien OWNER TO monutilisateur;

--
-- Name: biens_bien_id_seq; Type: SEQUENCE; Schema: public; Owner: monutilisateur
--

ALTER TABLE public.biens_bien ALTER COLUMN id ADD GENERATED BY DEFAULT AS IDENTITY (
    SEQUENCE NAME public.biens_bien_id_seq
    START WITH 1
    INCREMENT BY 1
    NO MINVALUE
    NO MAXVALUE
    CACHE 1
);


--
-- Name: django_admin_log; Type: TABLE; Schema: public; Owner: monutilisateur
--

CREATE TABLE public.django_admin_log (
    id integer NOT NULL,
    action_time timestamp with time zone NOT NULL,
    object_id text,
    object_repr character varying(200) NOT NULL,
    action_flag smallint NOT NULL,
    change_message text NOT NULL,
    content_type_id integer,
    user_id integer NOT NULL,
    CONSTRAINT django_admin_log_action_flag_check CHECK ((action_flag >= 0))
);


ALTER TABLE public.django_admin_log OWNER TO monutilisateur;

--
-- Name: django_admin_log_id_seq; Type: SEQUENCE; Schema: public; Owner: monutilisateur
--

ALTER TABLE public.django_admin_log ALTER COLUMN id ADD GENERATED BY DEFAULT AS IDENTITY (
    SEQUENCE NAME public.django_admin_log_id_seq
    START WITH 1
    INCREMENT BY 1
    NO MINVALUE
    NO MAXVALUE
    CACHE 1
);


--
-- Name: django_content_type; Type: TABLE; Schema: public; Owner: monutilisateur
--

CREATE TABLE public.django_content_type (
    id integer NOT NULL,
    app_label character varying(100) NOT NULL,
    model character varying(100) NOT NULL
);


ALTER TABLE public.django_content_type OWNER TO monutilisateur;

--
-- Name: django_content_type_id_seq; Type: SEQUENCE; Schema: public; Owner: monutilisateur
--

ALTER TABLE public.django_content_type ALTER COLUMN id ADD GENERATED BY DEFAULT AS IDENTITY (
    SEQUENCE NAME public.django_content_type_id_seq
    START WITH 1
    INCREMENT BY 1
    NO MINVALUE
    NO MAXVALUE
    CACHE 1
);


--
-- Name: django_migrations; Type: TABLE; Schema: public; Owner: monutilisateur
--

CREATE TABLE public.django_migrations (
    id bigint NOT NULL,
    app character varying(255) NOT NULL,
    name character varying(255) NOT NULL,
    applied timestamp with time zone NOT NULL
);


ALTER TABLE public.django_migrations OWNER TO monutilisateur;

--
-- Name: django_migrations_id_seq; Type: SEQUENCE; Schema: public; Owner: monutilisateur
--

ALTER TABLE public.django_migrations ALTER COLUMN id ADD GENERATED BY DEFAULT AS IDENTITY (
    SEQUENCE NAME public.django_migrations_id_seq
    START WITH 1
    INCREMENT BY 1
    NO MINVALUE
    NO MAXVALUE
    CACHE 1
);


--
-- Name: django_session; Type: TABLE; Schema: public; Owner: monutilisateur
--

CREATE TABLE public.django_session (
    session_key character varying(40) NOT NULL,
    session_data text NOT NULL,
    expire_date timestamp with time zone NOT NULL
);


ALTER TABLE public.django_session OWNER TO monutilisateur;

--
-- Name: paiements_paiement; Type: TABLE; Schema: public; Owner: monutilisateur
--

CREATE TABLE public.paiements_paiement (
    id bigint NOT NULL,
    montant numeric(10,2) NOT NULL,
    statut character varying(20) NOT NULL,
    reservation_id bigint NOT NULL,
    utilisateur_id integer NOT NULL
);


ALTER TABLE public.paiements_paiement OWNER TO monutilisateur;

--
-- Name: paiements_paiement_id_seq; Type: SEQUENCE; Schema: public; Owner: monutilisateur
--

ALTER TABLE public.paiements_paiement ALTER COLUMN id ADD GENERATED BY DEFAULT AS IDENTITY (
    SEQUENCE NAME public.paiements_paiement_id_seq
    START WITH 1
    INCREMENT BY 1
    NO MINVALUE
    NO MAXVALUE
    CACHE 1
);


--
-- Name: profile_utilisateur_profile; Type: TABLE; Schema: public; Owner: monutilisateur
--

CREATE TABLE public.profile_utilisateur_profile (
    id bigint NOT NULL,
    telephone character varying(15),
    ville character varying(100),
    photo character varying(100),
    user_id integer NOT NULL
);


ALTER TABLE public.profile_utilisateur_profile OWNER TO monutilisateur;

--
-- Name: profile_utilisateur_profile_id_seq; Type: SEQUENCE; Schema: public; Owner: monutilisateur
--

ALTER TABLE public.profile_utilisateur_profile ALTER COLUMN id ADD GENERATED BY DEFAULT AS IDENTITY (
    SEQUENCE NAME public.profile_utilisateur_profile_id_seq
    START WITH 1
    INCREMENT BY 1
    NO MINVALUE
    NO MAXVALUE
    CACHE 1
);


--
-- Name: reservations_reservation; Type: TABLE; Schema: public; Owner: monutilisateur
--

CREATE TABLE public.reservations_reservation (
    id bigint NOT NULL,
    date_reservation timestamp with time zone NOT NULL,
    date_debut date NOT NULL,
    date_fin date NOT NULL,
    bien_id bigint NOT NULL,
    utilisateur_id integer NOT NULL,
    date_paiement timestamp with time zone
);


ALTER TABLE public.reservations_reservation OWNER TO monutilisateur;

--
-- Name: reservations_reservation_id_seq; Type: SEQUENCE; Schema: public; Owner: monutilisateur
--

ALTER TABLE public.reservations_reservation ALTER COLUMN id ADD GENERATED BY DEFAULT AS IDENTITY (
    SEQUENCE NAME public.reservations_reservation_id_seq
    START WITH 1
    INCREMENT BY 1
    NO MINVALUE
    NO MAXVALUE
    CACHE 1
);


--
-- Data for Name: auth_group; Type: TABLE DATA; Schema: public; Owner: monutilisateur
--

COPY public.auth_group (id, name) FROM stdin;
\.


--
-- Data for Name: auth_group_permissions; Type: TABLE DATA; Schema: public; Owner: monutilisateur
--

COPY public.auth_group_permissions (id, group_id, permission_id) FROM stdin;
\.


--
-- Data for Name: auth_permission; Type: TABLE DATA; Schema: public; Owner: monutilisateur
--

COPY public.auth_permission (id, name, content_type_id, codename) FROM stdin;
1	Can add log entry	1	add_logentry
2	Can change log entry	1	change_logentry
3	Can delete log entry	1	delete_logentry
4	Can view log entry	1	view_logentry
5	Can add permission	2	add_permission
6	Can change permission	2	change_permission
7	Can delete permission	2	delete_permission
8	Can view permission	2	view_permission
9	Can add group	3	add_group
10	Can change group	3	change_group
11	Can delete group	3	delete_group
12	Can view group	3	view_group
13	Can add user	4	add_user
14	Can change user	4	change_user
15	Can delete user	4	delete_user
16	Can view user	4	view_user
17	Can add content type	5	add_contenttype
18	Can change content type	5	change_contenttype
19	Can delete content type	5	delete_contenttype
20	Can view content type	5	view_contenttype
21	Can add session	6	add_session
22	Can change session	6	change_session
23	Can delete session	6	delete_session
24	Can view session	6	view_session
25	Can add bien	7	add_bien
26	Can change bien	7	change_bien
27	Can delete bien	7	delete_bien
28	Can view bien	7	view_bien
29	Can add reservation	8	add_reservation
30	Can change reservation	8	change_reservation
31	Can delete reservation	8	delete_reservation
32	Can view reservation	8	view_reservation
33	Can add paiement	9	add_paiement
34	Can change paiement	9	change_paiement
35	Can delete paiement	9	delete_paiement
36	Can view paiement	9	view_paiement
37	Can add avis	10	add_avis
38	Can change avis	10	change_avis
39	Can delete avis	10	delete_avis
40	Can view avis	10	view_avis
41	Can add profile	11	add_profile
42	Can change profile	11	change_profile
43	Can delete profile	11	delete_profile
44	Can view profile	11	view_profile
\.


--
-- Data for Name: auth_user; Type: TABLE DATA; Schema: public; Owner: monutilisateur
--

COPY public.auth_user (id, password, last_login, is_superuser, username, first_name, last_name, email, is_staff, is_active, date_joined) FROM stdin;
1	pbkdf2_sha256$720000$KD1jJ45I0wpYrLnfNDTyL6$ip6zf65l1ya5XFH3qNG0ASaxybiDozSiQTd9aPX+ssk=	2024-10-15 16:54:43.338578+00	f	hassan			b@gm.com	f	t	2024-10-14 23:15:01.375566+00
2	pbkdf2_sha256$720000$kYFAOF7G4LC1c7gtirvMX7$XawLsPRxCLpx5aE9mmU+Em5NJqGs4nyDhjCC7YSl13A=	2024-10-15 16:56:01.704115+00	t	Seck				t	t	2024-10-15 16:45:42.034242+00
\.


--
-- Data for Name: auth_user_groups; Type: TABLE DATA; Schema: public; Owner: monutilisateur
--

COPY public.auth_user_groups (id, user_id, group_id) FROM stdin;
\.


--
-- Data for Name: auth_user_user_permissions; Type: TABLE DATA; Schema: public; Owner: monutilisateur
--

COPY public.auth_user_user_permissions (id, user_id, permission_id) FROM stdin;
\.


--
-- Data for Name: avis_avis; Type: TABLE DATA; Schema: public; Owner: monutilisateur
--

COPY public.avis_avis (id, texte, note, date_creation, bien_id, utilisateur_id) FROM stdin;
\.


--
-- Data for Name: biens_bien; Type: TABLE DATA; Schema: public; Owner: monutilisateur
--

COPY public.biens_bien (id, titre, description, prix, categorie, photo, date_creation, disponibilite, date_debut_disponibilite, date_fin_disponibilite, utilisateur_id) FROM stdin;
1	Lexus	Lexus v8 5l 	35000.00	Véhicules	biens/OIP_2.jpg	2024-10-15 16:43:54.646347+00	t	2024-10-15	2024-10-24	1
2	CBR	Moto	15000.00	Véhicules	biens/R.jpg	2024-10-15 16:51:43.820969+00	t	2024-10-15	2024-12-19	1
3	Cheval	Cheval	35000.00	Événements et loisirs	biens/OIP_1.jpg	2024-10-15 16:52:39.255118+00	t	2024-10-15	2024-12-12	2
4	Maison meuble	Villa	15000.00	Immobilier 	biens/OIP_MA8bDgX.jpg	2024-10-15 16:53:30.775556+00	t	2024-10-15	2025-01-02	1
5	Immeuble	Immeuble 5 etages Patte doie	3000000.00	Immobilier 	biens/R_1.jpg	2024-10-15 16:54:27.468865+00	t	2024-10-15	2025-02-11	2
6	Terrain	Terrain sport 125m²	50000.00	Événements et loisirs	biens/comment-rendre-un-terrain-constructible.jpg	2024-10-15 16:57:05.353719+00	t	2024-10-15	2025-10-15	2
7	Camera Nikon	Camera ultra claire 200mpx	70000.00	Électronique et Multimédia	biens/tets.jpg	2024-10-15 16:58:53.233222+00	t	2024-10-15	2025-10-16	2
8	Camera Sony	Sony	41000.00	Électronique et Multimédia	biens/nikon_1577b_d5600_dslr_camera_with_1502001.jpg	2024-10-15 16:59:39.003017+00	t	2024-10-15	2025-10-15	1
\.


--
-- Data for Name: django_admin_log; Type: TABLE DATA; Schema: public; Owner: monutilisateur
--

COPY public.django_admin_log (id, action_time, object_id, object_repr, action_flag, change_message, content_type_id, user_id) FROM stdin;
1	2024-10-15 16:51:43.820969+00	2	CBR	1	[{"added": {}}]	7	2
2	2024-10-15 16:52:39.257125+00	3	Cheval	1	[{"added": {}}]	7	2
3	2024-10-15 16:53:30.77957+00	4	Maison meuble	1	[{"added": {}}]	7	2
4	2024-10-15 16:54:27.469589+00	5	Immeuble	1	[{"added": {}}]	7	2
5	2024-10-15 16:57:05.402024+00	6	Terrain	1	[{"added": {}}]	7	2
6	2024-10-15 16:58:53.235355+00	7	Camera Nikon	1	[{"added": {}}]	7	2
7	2024-10-15 16:59:39.004258+00	8	Camera Sony	1	[{"added": {}}]	7	2
\.


--
-- Data for Name: django_content_type; Type: TABLE DATA; Schema: public; Owner: monutilisateur
--

COPY public.django_content_type (id, app_label, model) FROM stdin;
1	admin	logentry
2	auth	permission
3	auth	group
4	auth	user
5	contenttypes	contenttype
6	sessions	session
7	biens	bien
8	reservations	reservation
9	paiements	paiement
10	avis	avis
11	profile_utilisateur	profile
\.


--
-- Data for Name: django_migrations; Type: TABLE DATA; Schema: public; Owner: monutilisateur
--

COPY public.django_migrations (id, app, name, applied) FROM stdin;
1	contenttypes	0001_initial	2024-10-14 22:02:37.399013+00
2	auth	0001_initial	2024-10-14 22:02:37.490591+00
3	admin	0001_initial	2024-10-14 22:02:37.553888+00
4	admin	0002_logentry_remove_auto_add	2024-10-14 22:02:37.566077+00
5	admin	0003_logentry_add_action_flag_choices	2024-10-14 22:02:37.580726+00
6	contenttypes	0002_remove_content_type_name	2024-10-14 22:02:37.610454+00
7	auth	0002_alter_permission_name_max_length	2024-10-14 22:02:37.618482+00
8	auth	0003_alter_user_email_max_length	2024-10-14 22:02:37.629666+00
9	auth	0004_alter_user_username_opts	2024-10-14 22:02:37.637372+00
10	auth	0005_alter_user_last_login_null	2024-10-14 22:02:37.650311+00
11	auth	0006_require_contenttypes_0002	2024-10-14 22:02:37.650311+00
12	auth	0007_alter_validators_add_error_messages	2024-10-14 22:02:37.657814+00
13	auth	0008_alter_user_username_max_length	2024-10-14 22:02:37.671611+00
14	auth	0009_alter_user_last_name_max_length	2024-10-14 22:02:37.681469+00
15	auth	0010_alter_group_name_max_length	2024-10-14 22:02:37.690006+00
16	auth	0011_update_proxy_permissions	2024-10-14 22:02:37.700019+00
17	auth	0012_alter_user_first_name_max_length	2024-10-14 22:02:37.709499+00
18	biens	0001_initial	2024-10-14 22:02:37.730276+00
19	avis	0001_initial	2024-10-14 22:02:37.752946+00
20	reservations	0001_initial	2024-10-14 22:02:37.847928+00
21	paiements	0001_initial	2024-10-14 22:02:37.86656+00
22	profile_utilisateur	0001_initial	2024-10-14 22:02:37.886369+00
23	profile_utilisateur	0002_rename_phone_profile_telephone_and_more	2024-10-14 22:02:37.923674+00
24	reservations	0002_reservation_status	2024-10-14 22:02:37.932513+00
25	reservations	0003_alter_reservation_status	2024-10-14 22:02:37.945383+00
26	reservations	0004_remove_reservation_status	2024-10-14 22:02:37.958995+00
27	reservations	0005_reservation_date_paiement	2024-10-14 22:02:37.970472+00
28	sessions	0001_initial	2024-10-14 22:02:37.98019+00
29	users	0001_initial	2024-10-14 22:02:38.024298+00
30	users	0002_profile_delete_customuser	2024-10-14 22:02:38.070572+00
31	users	0003_delete_profile	2024-10-14 22:02:38.073676+00
\.


--
-- Data for Name: django_session; Type: TABLE DATA; Schema: public; Owner: monutilisateur
--

COPY public.django_session (session_key, session_data, expire_date) FROM stdin;
a5yipozf718qdvsrmfi9fwjerj1hlwe5	.eJxVjDsOwjAQBe_iGln-k1DScwZr17vGAWRLcVIh7k4ipYB2Zt57iwjrUuLaeY4TiYvQ4vTLENKT6y7oAfXeZGp1mSeUeyIP2-WtEb-uR_t3UKCXbZ0zeiQ9AFiNJnjj1OCUNcqO2rIKSM4bHPFsM6cEjgFU0BtKnAOFLD5f38A4Pw:1t0UHS:zEAKWkfxcTO1IS5lWnFmupS3IVIYKWTNl0QtEsP9B0c	2024-10-28 23:15:14.016732+00
egbj8j0ny032w4ij8gmgyqqxpw81cras	.eJxVjDsOwjAQBe_iGln-k1DScwZr17vGAWRLcVIh7k4ipYB2Zt57iwjrUuLaeY4TiYvQ4vTLENKT6y7oAfXeZGp1mSeUeyIP2-WtEb-uR_t3UKCXbZ0zeiQ9AFiNJnjj1OCUNcqO2rIKSM4bHPFsM6cEjgFU0BtKnAOFLD5f38A4Pw:1t0kdL:OxAMtuBhBytQfVXYJYpMT5Po7FJiy0Yy2BUt0RMq6ug	2024-10-29 16:42:55.1265+00
ujp1jvazoc40hoxf9w8yqiaejaezj946	.eJxVjEEOwiAQRe_C2hCgQBmX7j0DmWFAqoYmpV0Z765NutDtf-_9l4i4rTVuPS9xYnEWRpx-N8L0yG0HfMd2m2Wa27pMJHdFHrTL68z5eTncv4OKvX5roMwKHQQcoCTrHBBbyKp4NWrjtVVkCiZgS360mnAIBV0JaJMHo7x4fwDqPzfZ:1t0kq1:hU123YIQZC-p0isbNIkAa807ghLyjXGUsI-N4gW25oY	2024-10-29 16:56:01.704115+00
\.


--
-- Data for Name: paiements_paiement; Type: TABLE DATA; Schema: public; Owner: monutilisateur
--

COPY public.paiements_paiement (id, montant, statut, reservation_id, utilisateur_id) FROM stdin;
\.


--
-- Data for Name: profile_utilisateur_profile; Type: TABLE DATA; Schema: public; Owner: monutilisateur
--

COPY public.profile_utilisateur_profile (id, telephone, ville, photo, user_id) FROM stdin;
1	\N	\N		1
\.


--
-- Data for Name: reservations_reservation; Type: TABLE DATA; Schema: public; Owner: monutilisateur
--

COPY public.reservations_reservation (id, date_reservation, date_debut, date_fin, bien_id, utilisateur_id, date_paiement) FROM stdin;
\.


--
-- Name: auth_group_id_seq; Type: SEQUENCE SET; Schema: public; Owner: monutilisateur
--

SELECT pg_catalog.setval('public.auth_group_id_seq', 1, false);


--
-- Name: auth_group_permissions_id_seq; Type: SEQUENCE SET; Schema: public; Owner: monutilisateur
--

SELECT pg_catalog.setval('public.auth_group_permissions_id_seq', 1, false);


--
-- Name: auth_permission_id_seq; Type: SEQUENCE SET; Schema: public; Owner: monutilisateur
--

SELECT pg_catalog.setval('public.auth_permission_id_seq', 44, true);


--
-- Name: auth_user_groups_id_seq; Type: SEQUENCE SET; Schema: public; Owner: monutilisateur
--

SELECT pg_catalog.setval('public.auth_user_groups_id_seq', 1, false);


--
-- Name: auth_user_id_seq; Type: SEQUENCE SET; Schema: public; Owner: monutilisateur
--

SELECT pg_catalog.setval('public.auth_user_id_seq', 2, true);


--
-- Name: auth_user_user_permissions_id_seq; Type: SEQUENCE SET; Schema: public; Owner: monutilisateur
--

SELECT pg_catalog.setval('public.auth_user_user_permissions_id_seq', 1, false);


--
-- Name: avis_avis_id_seq; Type: SEQUENCE SET; Schema: public; Owner: monutilisateur
--

SELECT pg_catalog.setval('public.avis_avis_id_seq', 1, false);


--
-- Name: biens_bien_id_seq; Type: SEQUENCE SET; Schema: public; Owner: monutilisateur
--

SELECT pg_catalog.setval('public.biens_bien_id_seq', 8, true);


--
-- Name: django_admin_log_id_seq; Type: SEQUENCE SET; Schema: public; Owner: monutilisateur
--

SELECT pg_catalog.setval('public.django_admin_log_id_seq', 7, true);


--
-- Name: django_content_type_id_seq; Type: SEQUENCE SET; Schema: public; Owner: monutilisateur
--

SELECT pg_catalog.setval('public.django_content_type_id_seq', 11, true);


--
-- Name: django_migrations_id_seq; Type: SEQUENCE SET; Schema: public; Owner: monutilisateur
--

SELECT pg_catalog.setval('public.django_migrations_id_seq', 31, true);


--
-- Name: paiements_paiement_id_seq; Type: SEQUENCE SET; Schema: public; Owner: monutilisateur
--

SELECT pg_catalog.setval('public.paiements_paiement_id_seq', 1, false);


--
-- Name: profile_utilisateur_profile_id_seq; Type: SEQUENCE SET; Schema: public; Owner: monutilisateur
--

SELECT pg_catalog.setval('public.profile_utilisateur_profile_id_seq', 1, true);


--
-- Name: reservations_reservation_id_seq; Type: SEQUENCE SET; Schema: public; Owner: monutilisateur
--

SELECT pg_catalog.setval('public.reservations_reservation_id_seq', 1, false);


--
-- Name: auth_group auth_group_name_key; Type: CONSTRAINT; Schema: public; Owner: monutilisateur
--

ALTER TABLE ONLY public.auth_group
    ADD CONSTRAINT auth_group_name_key UNIQUE (name);


--
-- Name: auth_group_permissions auth_group_permissions_group_id_permission_id_0cd325b0_uniq; Type: CONSTRAINT; Schema: public; Owner: monutilisateur
--

ALTER TABLE ONLY public.auth_group_permissions
    ADD CONSTRAINT auth_group_permissions_group_id_permission_id_0cd325b0_uniq UNIQUE (group_id, permission_id);


--
-- Name: auth_group_permissions auth_group_permissions_pkey; Type: CONSTRAINT; Schema: public; Owner: monutilisateur
--

ALTER TABLE ONLY public.auth_group_permissions
    ADD CONSTRAINT auth_group_permissions_pkey PRIMARY KEY (id);


--
-- Name: auth_group auth_group_pkey; Type: CONSTRAINT; Schema: public; Owner: monutilisateur
--

ALTER TABLE ONLY public.auth_group
    ADD CONSTRAINT auth_group_pkey PRIMARY KEY (id);


--
-- Name: auth_permission auth_permission_content_type_id_codename_01ab375a_uniq; Type: CONSTRAINT; Schema: public; Owner: monutilisateur
--

ALTER TABLE ONLY public.auth_permission
    ADD CONSTRAINT auth_permission_content_type_id_codename_01ab375a_uniq UNIQUE (content_type_id, codename);


--
-- Name: auth_permission auth_permission_pkey; Type: CONSTRAINT; Schema: public; Owner: monutilisateur
--

ALTER TABLE ONLY public.auth_permission
    ADD CONSTRAINT auth_permission_pkey PRIMARY KEY (id);


--
-- Name: auth_user_groups auth_user_groups_pkey; Type: CONSTRAINT; Schema: public; Owner: monutilisateur
--

ALTER TABLE ONLY public.auth_user_groups
    ADD CONSTRAINT auth_user_groups_pkey PRIMARY KEY (id);


--
-- Name: auth_user_groups auth_user_groups_user_id_group_id_94350c0c_uniq; Type: CONSTRAINT; Schema: public; Owner: monutilisateur
--

ALTER TABLE ONLY public.auth_user_groups
    ADD CONSTRAINT auth_user_groups_user_id_group_id_94350c0c_uniq UNIQUE (user_id, group_id);


--
-- Name: auth_user auth_user_pkey; Type: CONSTRAINT; Schema: public; Owner: monutilisateur
--

ALTER TABLE ONLY public.auth_user
    ADD CONSTRAINT auth_user_pkey PRIMARY KEY (id);


--
-- Name: auth_user_user_permissions auth_user_user_permissions_pkey; Type: CONSTRAINT; Schema: public; Owner: monutilisateur
--

ALTER TABLE ONLY public.auth_user_user_permissions
    ADD CONSTRAINT auth_user_user_permissions_pkey PRIMARY KEY (id);


--
-- Name: auth_user_user_permissions auth_user_user_permissions_user_id_permission_id_14a6b632_uniq; Type: CONSTRAINT; Schema: public; Owner: monutilisateur
--

ALTER TABLE ONLY public.auth_user_user_permissions
    ADD CONSTRAINT auth_user_user_permissions_user_id_permission_id_14a6b632_uniq UNIQUE (user_id, permission_id);


--
-- Name: auth_user auth_user_username_key; Type: CONSTRAINT; Schema: public; Owner: monutilisateur
--

ALTER TABLE ONLY public.auth_user
    ADD CONSTRAINT auth_user_username_key UNIQUE (username);


--
-- Name: avis_avis avis_avis_pkey; Type: CONSTRAINT; Schema: public; Owner: monutilisateur
--

ALTER TABLE ONLY public.avis_avis
    ADD CONSTRAINT avis_avis_pkey PRIMARY KEY (id);


--
-- Name: biens_bien biens_bien_pkey; Type: CONSTRAINT; Schema: public; Owner: monutilisateur
--

ALTER TABLE ONLY public.biens_bien
    ADD CONSTRAINT biens_bien_pkey PRIMARY KEY (id);


--
-- Name: django_admin_log django_admin_log_pkey; Type: CONSTRAINT; Schema: public; Owner: monutilisateur
--

ALTER TABLE ONLY public.django_admin_log
    ADD CONSTRAINT django_admin_log_pkey PRIMARY KEY (id);


--
-- Name: django_content_type django_content_type_app_label_model_76bd3d3b_uniq; Type: CONSTRAINT; Schema: public; Owner: monutilisateur
--

ALTER TABLE ONLY public.django_content_type
    ADD CONSTRAINT django_content_type_app_label_model_76bd3d3b_uniq UNIQUE (app_label, model);


--
-- Name: django_content_type django_content_type_pkey; Type: CONSTRAINT; Schema: public; Owner: monutilisateur
--

ALTER TABLE ONLY public.django_content_type
    ADD CONSTRAINT django_content_type_pkey PRIMARY KEY (id);


--
-- Name: django_migrations django_migrations_pkey; Type: CONSTRAINT; Schema: public; Owner: monutilisateur
--

ALTER TABLE ONLY public.django_migrations
    ADD CONSTRAINT django_migrations_pkey PRIMARY KEY (id);


--
-- Name: django_session django_session_pkey; Type: CONSTRAINT; Schema: public; Owner: monutilisateur
--

ALTER TABLE ONLY public.django_session
    ADD CONSTRAINT django_session_pkey PRIMARY KEY (session_key);


--
-- Name: paiements_paiement paiements_paiement_pkey; Type: CONSTRAINT; Schema: public; Owner: monutilisateur
--

ALTER TABLE ONLY public.paiements_paiement
    ADD CONSTRAINT paiements_paiement_pkey PRIMARY KEY (id);


--
-- Name: profile_utilisateur_profile profile_utilisateur_profile_pkey; Type: CONSTRAINT; Schema: public; Owner: monutilisateur
--

ALTER TABLE ONLY public.profile_utilisateur_profile
    ADD CONSTRAINT profile_utilisateur_profile_pkey PRIMARY KEY (id);


--
-- Name: profile_utilisateur_profile profile_utilisateur_profile_user_id_key; Type: CONSTRAINT; Schema: public; Owner: monutilisateur
--

ALTER TABLE ONLY public.profile_utilisateur_profile
    ADD CONSTRAINT profile_utilisateur_profile_user_id_key UNIQUE (user_id);


--
-- Name: reservations_reservation reservations_reservation_pkey; Type: CONSTRAINT; Schema: public; Owner: monutilisateur
--

ALTER TABLE ONLY public.reservations_reservation
    ADD CONSTRAINT reservations_reservation_pkey PRIMARY KEY (id);


--
-- Name: auth_group_name_a6ea08ec_like; Type: INDEX; Schema: public; Owner: monutilisateur
--

CREATE INDEX auth_group_name_a6ea08ec_like ON public.auth_group USING btree (name varchar_pattern_ops);


--
-- Name: auth_group_permissions_group_id_b120cbf9; Type: INDEX; Schema: public; Owner: monutilisateur
--

CREATE INDEX auth_group_permissions_group_id_b120cbf9 ON public.auth_group_permissions USING btree (group_id);


--
-- Name: auth_group_permissions_permission_id_84c5c92e; Type: INDEX; Schema: public; Owner: monutilisateur
--

CREATE INDEX auth_group_permissions_permission_id_84c5c92e ON public.auth_group_permissions USING btree (permission_id);


--
-- Name: auth_permission_content_type_id_2f476e4b; Type: INDEX; Schema: public; Owner: monutilisateur
--

CREATE INDEX auth_permission_content_type_id_2f476e4b ON public.auth_permission USING btree (content_type_id);


--
-- Name: auth_user_groups_group_id_97559544; Type: INDEX; Schema: public; Owner: monutilisateur
--

CREATE INDEX auth_user_groups_group_id_97559544 ON public.auth_user_groups USING btree (group_id);


--
-- Name: auth_user_groups_user_id_6a12ed8b; Type: INDEX; Schema: public; Owner: monutilisateur
--

CREATE INDEX auth_user_groups_user_id_6a12ed8b ON public.auth_user_groups USING btree (user_id);


--
-- Name: auth_user_user_permissions_permission_id_1fbb5f2c; Type: INDEX; Schema: public; Owner: monutilisateur
--

CREATE INDEX auth_user_user_permissions_permission_id_1fbb5f2c ON public.auth_user_user_permissions USING btree (permission_id);


--
-- Name: auth_user_user_permissions_user_id_a95ead1b; Type: INDEX; Schema: public; Owner: monutilisateur
--

CREATE INDEX auth_user_user_permissions_user_id_a95ead1b ON public.auth_user_user_permissions USING btree (user_id);


--
-- Name: auth_user_username_6821ab7c_like; Type: INDEX; Schema: public; Owner: monutilisateur
--

CREATE INDEX auth_user_username_6821ab7c_like ON public.auth_user USING btree (username varchar_pattern_ops);


--
-- Name: avis_avis_bien_id_9fdbc75f; Type: INDEX; Schema: public; Owner: monutilisateur
--

CREATE INDEX avis_avis_bien_id_9fdbc75f ON public.avis_avis USING btree (bien_id);


--
-- Name: avis_avis_utilisateur_id_78d7f74c; Type: INDEX; Schema: public; Owner: monutilisateur
--

CREATE INDEX avis_avis_utilisateur_id_78d7f74c ON public.avis_avis USING btree (utilisateur_id);


--
-- Name: biens_bien_utilisateur_id_b8e4a21d; Type: INDEX; Schema: public; Owner: monutilisateur
--

CREATE INDEX biens_bien_utilisateur_id_b8e4a21d ON public.biens_bien USING btree (utilisateur_id);


--
-- Name: django_admin_log_content_type_id_c4bce8eb; Type: INDEX; Schema: public; Owner: monutilisateur
--

CREATE INDEX django_admin_log_content_type_id_c4bce8eb ON public.django_admin_log USING btree (content_type_id);


--
-- Name: django_admin_log_user_id_c564eba6; Type: INDEX; Schema: public; Owner: monutilisateur
--

CREATE INDEX django_admin_log_user_id_c564eba6 ON public.django_admin_log USING btree (user_id);


--
-- Name: django_session_expire_date_a5c62663; Type: INDEX; Schema: public; Owner: monutilisateur
--

CREATE INDEX django_session_expire_date_a5c62663 ON public.django_session USING btree (expire_date);


--
-- Name: django_session_session_key_c0390e0f_like; Type: INDEX; Schema: public; Owner: monutilisateur
--

CREATE INDEX django_session_session_key_c0390e0f_like ON public.django_session USING btree (session_key varchar_pattern_ops);


--
-- Name: paiements_paiement_reservation_id_02eb20a4; Type: INDEX; Schema: public; Owner: monutilisateur
--

CREATE INDEX paiements_paiement_reservation_id_02eb20a4 ON public.paiements_paiement USING btree (reservation_id);


--
-- Name: paiements_paiement_utilisateur_id_7b6e437d; Type: INDEX; Schema: public; Owner: monutilisateur
--

CREATE INDEX paiements_paiement_utilisateur_id_7b6e437d ON public.paiements_paiement USING btree (utilisateur_id);


--
-- Name: reservations_reservation_bien_id_b3557426; Type: INDEX; Schema: public; Owner: monutilisateur
--

CREATE INDEX reservations_reservation_bien_id_b3557426 ON public.reservations_reservation USING btree (bien_id);


--
-- Name: reservations_reservation_utilisateur_id_0911e1f5; Type: INDEX; Schema: public; Owner: monutilisateur
--

CREATE INDEX reservations_reservation_utilisateur_id_0911e1f5 ON public.reservations_reservation USING btree (utilisateur_id);


--
-- Name: auth_group_permissions auth_group_permissio_permission_id_84c5c92e_fk_auth_perm; Type: FK CONSTRAINT; Schema: public; Owner: monutilisateur
--

ALTER TABLE ONLY public.auth_group_permissions
    ADD CONSTRAINT auth_group_permissio_permission_id_84c5c92e_fk_auth_perm FOREIGN KEY (permission_id) REFERENCES public.auth_permission(id) DEFERRABLE INITIALLY DEFERRED;


--
-- Name: auth_group_permissions auth_group_permissions_group_id_b120cbf9_fk_auth_group_id; Type: FK CONSTRAINT; Schema: public; Owner: monutilisateur
--

ALTER TABLE ONLY public.auth_group_permissions
    ADD CONSTRAINT auth_group_permissions_group_id_b120cbf9_fk_auth_group_id FOREIGN KEY (group_id) REFERENCES public.auth_group(id) DEFERRABLE INITIALLY DEFERRED;


--
-- Name: auth_permission auth_permission_content_type_id_2f476e4b_fk_django_co; Type: FK CONSTRAINT; Schema: public; Owner: monutilisateur
--

ALTER TABLE ONLY public.auth_permission
    ADD CONSTRAINT auth_permission_content_type_id_2f476e4b_fk_django_co FOREIGN KEY (content_type_id) REFERENCES public.django_content_type(id) DEFERRABLE INITIALLY DEFERRED;


--
-- Name: auth_user_groups auth_user_groups_group_id_97559544_fk_auth_group_id; Type: FK CONSTRAINT; Schema: public; Owner: monutilisateur
--

ALTER TABLE ONLY public.auth_user_groups
    ADD CONSTRAINT auth_user_groups_group_id_97559544_fk_auth_group_id FOREIGN KEY (group_id) REFERENCES public.auth_group(id) DEFERRABLE INITIALLY DEFERRED;


--
-- Name: auth_user_groups auth_user_groups_user_id_6a12ed8b_fk_auth_user_id; Type: FK CONSTRAINT; Schema: public; Owner: monutilisateur
--

ALTER TABLE ONLY public.auth_user_groups
    ADD CONSTRAINT auth_user_groups_user_id_6a12ed8b_fk_auth_user_id FOREIGN KEY (user_id) REFERENCES public.auth_user(id) DEFERRABLE INITIALLY DEFERRED;


--
-- Name: auth_user_user_permissions auth_user_user_permi_permission_id_1fbb5f2c_fk_auth_perm; Type: FK CONSTRAINT; Schema: public; Owner: monutilisateur
--

ALTER TABLE ONLY public.auth_user_user_permissions
    ADD CONSTRAINT auth_user_user_permi_permission_id_1fbb5f2c_fk_auth_perm FOREIGN KEY (permission_id) REFERENCES public.auth_permission(id) DEFERRABLE INITIALLY DEFERRED;


--
-- Name: auth_user_user_permissions auth_user_user_permissions_user_id_a95ead1b_fk_auth_user_id; Type: FK CONSTRAINT; Schema: public; Owner: monutilisateur
--

ALTER TABLE ONLY public.auth_user_user_permissions
    ADD CONSTRAINT auth_user_user_permissions_user_id_a95ead1b_fk_auth_user_id FOREIGN KEY (user_id) REFERENCES public.auth_user(id) DEFERRABLE INITIALLY DEFERRED;


--
-- Name: avis_avis avis_avis_bien_id_9fdbc75f_fk_biens_bien_id; Type: FK CONSTRAINT; Schema: public; Owner: monutilisateur
--

ALTER TABLE ONLY public.avis_avis
    ADD CONSTRAINT avis_avis_bien_id_9fdbc75f_fk_biens_bien_id FOREIGN KEY (bien_id) REFERENCES public.biens_bien(id) DEFERRABLE INITIALLY DEFERRED;


--
-- Name: avis_avis avis_avis_utilisateur_id_78d7f74c_fk_auth_user_id; Type: FK CONSTRAINT; Schema: public; Owner: monutilisateur
--

ALTER TABLE ONLY public.avis_avis
    ADD CONSTRAINT avis_avis_utilisateur_id_78d7f74c_fk_auth_user_id FOREIGN KEY (utilisateur_id) REFERENCES public.auth_user(id) DEFERRABLE INITIALLY DEFERRED;


--
-- Name: biens_bien biens_bien_utilisateur_id_b8e4a21d_fk_auth_user_id; Type: FK CONSTRAINT; Schema: public; Owner: monutilisateur
--

ALTER TABLE ONLY public.biens_bien
    ADD CONSTRAINT biens_bien_utilisateur_id_b8e4a21d_fk_auth_user_id FOREIGN KEY (utilisateur_id) REFERENCES public.auth_user(id) DEFERRABLE INITIALLY DEFERRED;


--
-- Name: django_admin_log django_admin_log_content_type_id_c4bce8eb_fk_django_co; Type: FK CONSTRAINT; Schema: public; Owner: monutilisateur
--

ALTER TABLE ONLY public.django_admin_log
    ADD CONSTRAINT django_admin_log_content_type_id_c4bce8eb_fk_django_co FOREIGN KEY (content_type_id) REFERENCES public.django_content_type(id) DEFERRABLE INITIALLY DEFERRED;


--
-- Name: django_admin_log django_admin_log_user_id_c564eba6_fk_auth_user_id; Type: FK CONSTRAINT; Schema: public; Owner: monutilisateur
--

ALTER TABLE ONLY public.django_admin_log
    ADD CONSTRAINT django_admin_log_user_id_c564eba6_fk_auth_user_id FOREIGN KEY (user_id) REFERENCES public.auth_user(id) DEFERRABLE INITIALLY DEFERRED;


--
-- Name: paiements_paiement paiements_paiement_reservation_id_02eb20a4_fk_reservati; Type: FK CONSTRAINT; Schema: public; Owner: monutilisateur
--

ALTER TABLE ONLY public.paiements_paiement
    ADD CONSTRAINT paiements_paiement_reservation_id_02eb20a4_fk_reservati FOREIGN KEY (reservation_id) REFERENCES public.reservations_reservation(id) DEFERRABLE INITIALLY DEFERRED;


--
-- Name: paiements_paiement paiements_paiement_utilisateur_id_7b6e437d_fk_auth_user_id; Type: FK CONSTRAINT; Schema: public; Owner: monutilisateur
--

ALTER TABLE ONLY public.paiements_paiement
    ADD CONSTRAINT paiements_paiement_utilisateur_id_7b6e437d_fk_auth_user_id FOREIGN KEY (utilisateur_id) REFERENCES public.auth_user(id) DEFERRABLE INITIALLY DEFERRED;


--
-- Name: profile_utilisateur_profile profile_utilisateur_profile_user_id_dead9339_fk_auth_user_id; Type: FK CONSTRAINT; Schema: public; Owner: monutilisateur
--

ALTER TABLE ONLY public.profile_utilisateur_profile
    ADD CONSTRAINT profile_utilisateur_profile_user_id_dead9339_fk_auth_user_id FOREIGN KEY (user_id) REFERENCES public.auth_user(id) DEFERRABLE INITIALLY DEFERRED;


--
-- Name: reservations_reservation reservations_reserva_utilisateur_id_0911e1f5_fk_auth_user; Type: FK CONSTRAINT; Schema: public; Owner: monutilisateur
--

ALTER TABLE ONLY public.reservations_reservation
    ADD CONSTRAINT reservations_reserva_utilisateur_id_0911e1f5_fk_auth_user FOREIGN KEY (utilisateur_id) REFERENCES public.auth_user(id) DEFERRABLE INITIALLY DEFERRED;


--
-- Name: reservations_reservation reservations_reservation_bien_id_b3557426_fk_biens_bien_id; Type: FK CONSTRAINT; Schema: public; Owner: monutilisateur
--

ALTER TABLE ONLY public.reservations_reservation
    ADD CONSTRAINT reservations_reservation_bien_id_b3557426_fk_biens_bien_id FOREIGN KEY (bien_id) REFERENCES public.biens_bien(id) DEFERRABLE INITIALLY DEFERRED;


--
-- PostgreSQL database dump complete
--

